{
  "ratings": {
    "Elzaor": 997.312087767769,
    "Sanya": 1002.687912232231,
    "player1": 1000
  }
}