{
  "ratings": {
    "Elzaor": 972.5054947415733,
    "Sanya": 1002.687912232231,
    "player1": 1000,
    "Yamp": 1024.8065930261955
  }
}