{
  "ratings": {
    "Elzaor": 990.3745794737775,
    "Sanya": 933.9123872011006,
    "player1": 958.7457400869869,
    "Yamp": 1117.691580815845
  }
}